question,type,answer,reason,accuracy_score
Activity 1.1 demonstrates which property of matter?,MCQ,B,"The activity shows that when salt is dissolved in water, the salt particles spread throughout the water, occupying the spaces between the water particles. This supports the idea that matter is particulate and has spaces between the particles.",100
"In the experiment with potassium permanganate, what does the continued visibility of color after repeated dilutions suggest?",MCQ,B,"The experiment demonstrates that even after multiple dilutions, the color is still visible, indicating that the original crystals must have contained a huge number of particles that continue to spread out and color the water, even in small concentrations.",100
"Based on the activities described, which of the following statements best explains why diffusion occurs?",MCQ,B,The text explicitly states that particles of matter are continuously moving and that they intermix by getting into the spaces between the particles. This constant motion and the presence of spaces are the key factors that enable diffusion.,100
What is the term for the process where a solid changes directly into a gas without first becoming a liquid?,MCQ,B,The text defines sublimation as the change of state directly from solid to gas without changing into the liquid state.,100
Which of the following factors does NOT directly affect the rate of evaporation?,MCQ,D,"The text states that the rate of evaporation depends on the surface area, temperature, humidity, and wind speed. The volume of the liquid does not directly influence the rate at which evaporation occurs.",0
Evaporation causes what effect?,Very Short,Cooling.,The text explicitly states 'Evaporation causes cooling.',100
What is the SI unit of mass?,Very Short,Kilogram (kg),The text explicitly states 'The SI unit of mass is kilogram (kg).',100
Do particles have space?,Very Short,"Yes, they have space.","The text explicitly states that particles of matter have space between them, as evidenced by the mixing of substances like sugar and water.",100
Which activity shows attraction?,Very Short,"Activities 1.6, 1.7, 1.8",All three activities demonstrate the attractive forces between particles of matter.,100
Are solids compressible?,Very Short,"Negligibly, no.",The text states solids have negligible compressibility.,100
"How does increasing pressure affect the state of a gas, and what is an example of this principle in action?",Short,"Increasing pressure on a gas forces its particles closer together, potentially causing it to change state from gas to liquid. Solid carbon dioxide (dry ice) exemplifies this, as it is stored under high pressure and transitions directly to a gaseous state when the pressure is reduced.",The passage explicitly states that applying pressure can liquefy gases and provides the example of solid carbon dioxide being stored under high pressure. This directly answers the question about the effect of pressure on gases and provides a relevant example.,100
"Explain the difference between latent heat of fusion and latent heat of vaporization, and how they relate to the energy of particles in different states of matter.",Short,"Latent heat of fusion is the energy required to change 1 kg of a solid into a liquid at its melting point, while latent heat of vaporization is the energy required to change a liquid into a gas at its boiling point. Particles in a liquid at its melting point have more energy than the solid at the same temperature due to the latent heat of fusion, and similarly, particles in a gas at its boiling point have more energy than the liquid at the same temperature due to the latent heat of vaporization.","The text defines latent heat of fusion as the heat energy required to change 1 kg of solid to liquid at atmospheric pressure at its melting point. It also states that particles in water at 0°C have more energy than ice at 0°C. Similarly, the text defines latent heat of vaporization and states that particles in steam at 373K have more energy than water at 373K. I combined these definitions and explanations to answer the question.",100
Why does wearing cotton clothes help keep us cool in the summer?,Short,"Cotton is a good absorber of water, allowing it to soak up sweat. This sweat then evaporates, drawing heat away from the body and creating a cooling effect.",The text explicitly states that cotton absorbs sweat and exposes it to the atmosphere for easy evaporation. It also explains that evaporation causes cooling by drawing heat from the body.,100
"How does increasing the temperature affect the rate of diffusion, and why does this occur?",Short,"Increasing the temperature speeds up the rate of diffusion. This is because higher temperatures increase the kinetic energy of the particles, causing them to move faster and intermix more rapidly.","The text explicitly states that ""on heating, diffusion becomes faster"" and then asks ""Why does this happen?"". The text also states that ""As the temperature rises, particles move faster"" and that ""with increase in temperature the kinetic energy of the particles also increases."" Combining these statements provides the answer.",100
How do the examples of sugar dissolving in water and making lemonade demonstrate that particles of matter have space between them?,Short,"When sugar dissolves in water, or when making lemonade, the particles of sugar or lemon juice fit into the spaces between the water particles. This even distribution of particles shows that there is space between the particles of matter, allowing them to mix.","The passage explicitly states that the examples of sugar, salt, Dettol, or potassium permanganate dissolving in water, and making tea, coffee, or lemonade, demonstrate that particles of one type of matter get into the spaces between particles of the other. This directly answers the question.",90
"Explain the processes of melting and boiling, including the role of kinetic energy, forces of attraction between particles, and latent heat. Differentiate between latent heat of fusion and latent heat of vaporization, and explain why particles in steam at 373 K have more energy than particles in water at the same temperature.",Long,"Melting and boiling are phase transitions driven by changes in temperature and the resulting effects on particle behavior. When a solid is heated, the kinetic energy of its particles increases, causing them to vibrate more vigorously. As the temperature rises, this increased kinetic energy eventually overcomes the forces of attraction holding the particles in fixed positions. At the melting point, the solid transforms into a liquid. During melting, the temperature remains constant as the added heat energy is used to break the intermolecular bonds, a phenomenon known as latent heat of fusion. Similarly, when a liquid is heated, the kinetic energy of its particles increases until they have enough energy to overcome the attractive forces and transition into the gaseous state at the boiling point. Again, the temperature remains constant during boiling as the added heat is used to break the remaining intermolecular bonds; this is the latent heat of vaporization. Latent heat of fusion is the energy required to change 1 kg of a solid into a liquid at its melting point, while latent heat of vaporization is the energy required to change 1 kg of a liquid into a gas at its boiling point. Particles in steam at 373 K have more energy than particles in water at the same temperature because the steam particles have absorbed the latent heat of vaporization, which provides them with additional kinetic energy and allows them to exist in the gaseous state.","The question asks for a detailed explanation of melting and boiling, including the role of kinetic energy, forces of attraction, and latent heat. The answer addresses each of these points, explaining how increasing temperature leads to increased kinetic energy, which overcomes the forces of attraction between particles, resulting in a phase change. It also defines and differentiates between latent heat of fusion and vaporization, and explains why steam at 373K has more energy than water at the same temperature due to the absorbed latent heat of vaporization. All the information is directly derived from the provided text.",100
"Explain the concepts of latent heat of fusion and latent heat of vaporization, detailing how they relate to the energy absorbed during phase transitions and why the temperature remains constant during these transitions. Furthermore, discuss how the energy content of a substance changes during these phase transitions, specifically comparing the energy of ice and water at 0°C and water and steam at 100°C.",Long,"Latent heat of fusion is the amount of heat energy required to change 1 kg of a solid into a liquid at atmospheric pressure at its melting point. Latent heat of vaporization is the amount of heat energy required to change 1 kg of a liquid into a gas at atmospheric pressure at its boiling point. During phase transitions like melting or boiling, the temperature remains constant because the energy supplied as heat is used to overcome the forces of attraction between the particles, rather than increasing their kinetic energy (which would raise the temperature). This energy is 'hidden' as latent heat. Consequently, water at 0°C has more energy than ice at 0°C because the water has absorbed the latent heat of fusion during melting. Similarly, steam at 100°C has more energy than water at 100°C because the steam has absorbed the latent heat of vaporization during boiling. The extra energy in the higher-temperature phase allows the particles to break free from the intermolecular forces holding them in the liquid state.","The question asks for a detailed explanation of latent heat of fusion and vaporization, including their relationship to phase transitions and temperature constancy. The answer directly addresses these points, defining each type of latent heat and explaining why temperature remains constant during phase changes (energy used to overcome intermolecular forces). It also explicitly compares the energy content of ice/water at 0°C and water/steam at 100°C, highlighting the additional energy absorbed as latent heat during the phase transitions.",100
"Explain the phenomenon of diffusion, detailing how it demonstrates the continuous movement of particles in matter and how temperature affects the rate of diffusion. Use examples from the provided activities to illustrate your explanation.",Long,"Diffusion is the process where particles of different substances intermix spontaneously due to the continuous movement of these particles. This movement is a manifestation of kinetic energy possessed by the particles. The activities described in the text clearly demonstrate this. For instance, the incense stick activity shows that the scent particles diffuse through the air, reaching our noses. The ink and honey experiment illustrates diffusion in liquids, where the ink spreads throughout the water. Similarly, the copper sulphate or potassium permanganate experiment shows the diffusion of solid particles into water. The rate of diffusion is directly related to temperature. When heated, particles gain kinetic energy and move faster, leading to a quicker intermixing. This is evident in the copper sulphate/potassium permanganate activity, where the crystal dissolves and diffuses faster in hot water compared to cold water. Therefore, diffusion provides strong evidence for the continuous movement of particles and the influence of temperature on their kinetic energy and, consequently, the rate of mixing.","The question asks for an explanation of diffusion, its connection to particle movement, and the effect of temperature. The answer directly addresses these points by defining diffusion, linking it to kinetic energy and particle movement, and using the provided activities (incense stick, ink/honey, copper sulphate/potassium permanganate) as examples. It also explains how increased temperature leads to faster particle movement and, therefore, a faster rate of diffusion, referencing the hot and cold water experiment.",90
"Evaporation is defined as the change of a liquid into vapors at any temperature below its boiling point. Considering the kinetic energy distribution of particles in a liquid and the forces of attraction between them, explain in detail the process of evaporation, including why it occurs at temperatures below the boiling point and what factors influence the rate of evaporation.",Long,"Evaporation occurs because, at any given temperature, the particles within a liquid possess a range of kinetic energies. Even well below the boiling point, some particles at the surface of the liquid will have enough kinetic energy to overcome the intermolecular forces holding them in the liquid state. These high-energy particles break free and transition into the gaseous phase as vapor. The rate of evaporation is influenced by several factors. Temperature plays a crucial role; higher temperatures mean a larger fraction of particles possess sufficient kinetic energy to escape. Surface area also matters; a larger surface area provides more opportunities for particles to escape. Humidity affects evaporation as well; higher humidity means the air is already saturated with water vapor, reducing the rate of evaporation. Finally, air currents or wind can carry away vapor molecules, preventing them from returning to the liquid and thus increasing the rate of evaporation.","The question asks for a detailed explanation of evaporation, focusing on why it happens below the boiling point and the factors that influence its rate. The answer addresses these points by explaining the kinetic energy distribution of particles, the role of intermolecular forces, and the influence of temperature, surface area, humidity, and air currents on the evaporation rate. The answer is comprehensive and directly addresses the prompt's requirements.",90
"Based on Activity 1.10 and the subsequent discussion about the liquid state, explain the key properties of liquids, contrasting them with solids, and discuss how these properties, particularly the ability of gases to diffuse into liquids, are crucial for aquatic life. Include in your explanation why the rate of diffusion is higher in liquids than in solids.",Long,"Liquids, as demonstrated in Activity 1.10, possess a definite volume but lack a fixed shape, readily conforming to the shape of their container. Unlike solids, which maintain both a fixed shape and volume, liquids flow and change shape easily, classifying them as fluids rather than rigid substances. This fluidity is due to the greater freedom of movement and increased spacing between particles in the liquid state compared to the tightly packed particles in solids. Furthermore, the diffusion of gases, such as oxygen and carbon dioxide, into liquids is vital for aquatic ecosystems. Aquatic animals and plants rely on dissolved oxygen for respiration, highlighting the importance of this property for their survival. The rate of diffusion is higher in liquids than in solids because the particles in liquids have more kinetic energy and greater intermolecular spaces, allowing for faster movement and mixing of substances.","The question asks for a comprehensive explanation of liquid properties, a comparison to solids, and the significance of gas diffusion in liquids for aquatic life. The answer directly addresses each of these points. It starts by defining the key properties of liquids (fixed volume, variable shape, fluidity), contrasts them with solids, and then explains the importance of gas diffusion, specifically oxygen, for aquatic organisms. Finally, it explains why diffusion is faster in liquids than solids, referencing the greater particle mobility and spacing in liquids.",95
